Barbara Jemec,"Me to my trainees (in the nicest possible way) ....
#plasticsurgery 
#AttentionToDetail 
#CheckAndCheckAgain"
Barbara Jemec,"‚ÄúNature is a mutable cloud which is always and never the same.‚Äù
~ Ralph Waldo Emerson

: ¬©  Silena Lambertini #Photography"
Barbara Jemec,"Make no mistake with or without Brexit, the #NHS will not survive another 5 years of a Tory or centrist government."
Barbara Jemec,Are you a space invader when you get behind the wheel? Latest stats show that 1 in 8 of all casualties are caused by people driving too closely to the vehicle in front. We're encouraging all drivers to avoid tailgating and to #StaySafeStayBack in our latest safety campaign.
Barbara Jemec,One of the best things you can do for your career is to become a respected expert in your field. This is achieved by holding yourself to the highest standards and being willing to put the time to develop your knowledge and skills. #GenderEquality
Barbara Jemec,"Choosing the right jacket can keep you warm but picking a trendy outfit can also be empowering 
This photo exhibition highlights why fashion is important to refugees"
Barbara Jemec,"NEW DATA:

EU immigrants contribute ¬£2,300 more per person per year to UK coffers than does average UK citizen."
Barbara Jemec,"Many people voted Leave to reduce immigration, thinking that EU migrant workers were a drain on UK resources.

Well, how wrong they were.

Share this with anyone you know who voted Leave and ask them to reconsider. They deserve a #PeoplesVote."
Barbara Jemec,Today would have been my mom's birthday. She was a registered nurse and one of the first people to guide me to my interests in #STEM. I sadly lost her to lymphoma when I was eight but her influence on me has been great. #shecanstem
Barbara Jemec,"@PLASTAUK 
Let's Push Things Forward.
This Saturday why not strategies with @PLASTAUK whilst having your morning Tea?

Join us with zoom:

Time: Sep 22, 2018 8:30 AM London

Join from PC, Mac, Linux, iOS or Android: https://zoom.us/j/978432948 

Meeting ID: 978 432 948"
Dr. Lisa S. Bunin,Hollow/sunken Eyes and Dark circles can be multifactorial
Dr. Lisa S. Bunin,Restylane filler family (Defyne and Lyft) for chin and lower face filling
Dr. Lisa S. Bunin,Dark circles can be multifactorial
Dr. Lisa S. Bunin,Under eye bag treatment for bunched lids when smiling
Dr. Lisa S. Bunin,under eye bag treatment for bunched lids when smiling https://www.realself.com/t/7336605 
Dr. Lisa S. Bunin,"Yes, Lip filler would work for you!"
Dr. Lisa S. Bunin,Unsubscribe from unwanted emails and combine the rest into a single daily digest with @Unrollme
Dr. Lisa S. Bunin,The Funniest Tweets From Parents This Week
Dr. Lisa S. Bunin,6 Ways To Turn Old T-Shirts Into Accessories You'll Actually Wear
Dr. Lisa S. Bunin,What‚Äôs The Deal With Those Small White Bumps On Your Face?
Dr. Daniel Liu,Wonder is the source of our desire for knowledge. Aristotle
Dr. Daniel Liu,"Incision Choices in Nipple-Sparing #Mastectomy: A Comparative Analysis of Outcomes and Evolution of a Clinical Algorithm ‚Å¶@prsjournal‚Å© ‚Å¶@JordanFreyMD‚Å© ‚Å¶@Nolankarp‚Å© ‚Å¶@nyulangone‚Å© 

#breastsurgery #bcsm #BreastReconstruction  https://insights.ovid.com/pubmed?pmid=30204677 ‚Ä¶"
Dr. Daniel Liu,"Are you a startup dealing in #dermatology #dermatologia #plasticsurgery #skincare or a  technology & #innovation #skin centric #startup? 
We want you at IMCAS #SharkTank - apply & send your pitch by Dec 15 https://www.imcas.com/en/attend/imcas-world-congress-2019/program/session/50715/form ‚Ä¶
#IMCAS2019 #startups #digitalmedicine #technology"
Dr. Daniel Liu,"We have launched!! So, go ahead iPhone users, download the Breast Advocate¬Æ App now in the App Store or find the link at http://BreastAdvocateApp.com ! Our Android version is almost ready too and will be released later this month. #BreastCancer #BreastReconstruction #bcsm"
Dr. Daniel Liu,"Mammography is effective as a #breastcancer #screening method for most women

But those at high risk benefit from twice-yearly breast DCI-#MRI scans

#radiology @AuntMinnie
http://bit.ly/2p98nfA "
Dr. Daniel Liu,"#IfNotForTwitter 
I met @drchrysopoulo @ramongarza3md @6state @danielzliu and learn A LOT from them and benefited patients!
#BreastReconstruction 
#ThankYouTwitter"
Dr. Daniel Liu,The beauty industry is still selling ‚Äúanti-aging‚Äù as a concept. It‚Äôs just changed the vocabulary.
Dr. Daniel Liu,"#IfNotForTwitter I wouldn‚Äôt be able to receive requests from #BreastCancer patients asking, ‚ÄúCan you tell me what it‚Äôs like to go through #DIEPflap #breastreconstruction after #mastectomy ‚Äú I‚Äôm humbled & honored to speak to them. #PatientAdvocate"
Dr. Daniel Liu,"#PRSJournalClub Facebook Q&A is TOMORROW Sept 16|‚ÄúThe Ethical and Professional Use of Social Media in Surgery"" w/ authors 
@halstedjr, Bennett, @DrPreminger & @NickBerlin_MD
Read for FREE: http://bit.ly/SoMeInSurgery 
Listen: http://bit.ly/SoMeInSurgery_Podcast ‚Ä¶ 
#plasticsurgery @prsjournal"
Dr. Daniel Liu,Leveraging Hashtags in Academic Surgery https://www.symplur.com/blog/leveraging-hashtags-academic-surgery/ ‚Ä¶ via @symplur
Raphael Sinna,#PlasticSurgery
Raphael Sinna,Our last paper: while 56% of US women have breast reconstruction... in France only 35% have this chance. A huge gap  #BreastReconstruction #BreastCancerAwareness #cancerdusein #reconstructionmammaire
Raphael Sinna,A scientist is never certain.
Raphael Sinna,"En Alg√©rie, ces femmes atteintes du cancer rejet√©es par leur mari apr√®s une ablation du sein"
Raphael Sinna,Conference on #transhumanism  by  @FerryLuc at the french society of plastic surgery #SOFCPRE2017  : wonderfull ! ..but should the human be the final step of evolution of life on earth?
Raphael Sinna,Ne transformons pas l'hypoth√®se en certitude.
Raphael Sinna,After pink October ..Novembeard..#octobrerose #novembre #breastcancer #BEARD #chirurgie #barbu
Raphael Sinna,
Raphael Sinna,sant√© : Amiens: l‚Äôh√¥pital qui valait un milliard http://www.courrier-picard.fr/66942/article/2017-10-27/amiens-lhopital-qui-valait-un-milliard ‚Ä¶ via @courrierpicard
Raphael Sinna,Plastic surgery Amiens team mobilized #OctobreRose #plasticsurgery #CHUAmiens #amiens #octobrerose3017
Ioannis Varnalidis,What size implants should you get? Your surgeon is still your best resource! #breastimplants #breastaugmentation   #drvarnalidis #patientsafety @ BodySculpture https://www.instagram.com/p/Bn4Bo8Egnxw/?utm_source=ig_twitter_share&igshid=x0z8qkptakhr ‚Ä¶
Ioannis Varnalidis,In #rhinoplasty millimeters matter!  Nose beautification! #naturalcurves #nosejob #drvarnalidis  #bodysculpture @ BodySculpture https://www.instagram.com/p/Bno-hQFAj4m/?utm_source=ig_twitter_share&igshid=1n2vtuliybt3n ‚Ä¶
Ioannis Varnalidis,"The inframammary approach in breast augmentation, still the most popular technique! Minimal incision technique by @drvarnalidis #breastaugmentation #underthemuscle #naturalcurves‚Ä¶ https://www.instagram.com/p/BnlzRJcgceK/?utm_source=ig_twitter_share&igshid=1n05usm9l8k4f ‚Ä¶"
Ioannis Varnalidis,dealing with #periareolaraugmentationmastopexy! One  of the most demanded operations is periareolar augmentation mastopexy and it is performed only  in cases requiring correction of‚Ä¶ https://www.instagram.com/p/BnjiWAwApCV/?utm_source=ig_twitter_share&igshid=ia9136us9oil ‚Ä¶
Ioannis Varnalidis,The challenge for the plastic surgeon  is to be able to match the opposite breast Stage Two #breastreconstruction #givingback #lovewhatido #drvarnalidis #qualityoflife @ BodySculpture https://www.instagram.com/p/BndmXzrAbXo/?utm_source=ig_twitter_share&igshid=19k6v01nb3dvm ‚Ä¶
Ioannis Varnalidis,Stage Two  #breastreconstruction surgery (revision stage). The tissue expander is exchanged for permanent implant once the volume is achieved. #Breastlift to the opposite breast brings‚Ä¶ https://www.instagram.com/p/BnUEaIAgNm9/?utm_source=ig_twitter_share&igshid=lzscjf722zqt ‚Ä¶
Ioannis Varnalidis,#subfascial #breastaugmentation #breastlift What does it look  like? #drvarnalidis #bodysculpture #dualplane #lovewhatido @ BodySculpture https://www.instagram.com/p/BnRzFncBk7z/?utm_source=ig_twitter_share&igshid=gnedcx2wg3ob ‚Ä¶
Ioannis Varnalidis,Helping you choose the right #breastimplant size for proportionate results! #breastaugmentation #symmetry #lovewhatido #happypatient #safety @ BodySculpture https://www.instagram.com/p/BnPEF-qATGF/?utm_source=ig_twitter_share&igshid=6mksdeb4432z ‚Ä¶
Ioannis Varnalidis,checking symmetry #breastaugmentation & #breastlift One  of the most effective procedures to correct noticeable #breast asymmetry #FDA #breastimplant #patientsafety   #drvarnalidis‚Ä¶ https://www.instagram.com/p/BnG19p4gAb0/?utm_source=ig_twitter_share&igshid=ow4srta588bo ‚Ä¶
Ioannis Varnalidis,The key to a successful #rhinoplasty  #columella skin closure without tension  #drvarnalidis  #finesse rhinoplasty #lovewhatido #bodysculpture  #expert @ BodySculpture https://www.instagram.com/p/BnCOJRegFT6/?utm_source=ig_twitter_share&igshid=1w6vxgfx5u9g7 ‚Ä¶
James Luong,"Hotel 
Plane tickets  
Overly excited to attend the annual #ASPS meeting next week in #Chicago !"
James Luong,The only reason I would want to live forever is because I would need that much time to learn all the things the universe has to teach me. http://www.planetary.org/blogs/jason-davis/recent-postcards-jupiter.html ‚Ä¶ @exploreplanets #sciencerules
James Luong,"Honored and humbled to be inducted into #GHHS! Striving to learn and further the future of #medicine for the betterment of patient care !

https://www.lmunet.edu/news/view/1341/lmu-dcom-inducts-33-students-into-gold-humanism-honor-society ‚Ä¶"
James Luong,Meet the world's first Digital Adoption Platform. Put an end to employee frustration with WalkMe.
James Luong,Missing the sound and smell of the ocean now more than ever. I‚Äôve been locked up for months studying for my #usmlestep1 and you can bet this California boy is spending a nice long week on the beach after this is over! #5moredays #relaxlifeisgood
James Luong,"#watercooling a computer is what I imagine #microsurgery probably feels like - you‚Äôre always worried about a leak or if you connected things right, but the finished product is pretty rewarding! #firstcustomloop #studybreaks #microsurgerygoals"
James Luong,"As a student, these #books are far beyond my scope of understanding. Despite that, being able to just flip through the pages and to appreciate the amount of work and knowledge that exists between the covers is #inspirational. #plasticsurgery #AlwaysLearning  #CantStopWontStop"
James Luong,"The newsletter is out! Check the latest from @JMSacks & Chair @timkingmdphd on the next #PSRC2018 in #Birmingham,  @PSRC1955 news&updates, and interviews with Drs. Alison Wong & Edwin Wilkins. http://www.ps-rc.org/newsletters/2018-Spring.cgi ‚Ä¶  -58toBirmingham"
James Luong,What's the best part about the #weekend? Waking up and going right back to #sleep! #TGIF
James Luong,Flying out tomorrow for the #AAFS2018 conference and just registered for the #PSRC2018 conference at #UAB this May! So many things to look forward to in the upcoming months! - except for my #USMLEStep1 exam on June 1st .
Saba Motakef MD,"Are You a Good Candidate for Liposuction?
(http://ow.ly/bIqX30lCViV )
#liposuction #plasticsurgery #BeverlyHillsCA"
Saba Motakef MD,"#PRSJournalClub Facebook Q&A is BACK, Sept 16|‚ÄúThe Ethical and Professional Use of Social Media in Surgery"" w/ authors 
@halstedjr, Bennett, @DrPreminger & @NickBerlin_MD
Read for FREE: http://bit.ly/SoMeInSurgery 
Listen: http://bit.ly/SoMeInSurgery_Podcast ‚Ä¶ 
#plasticsurgery @prsjournal"
Saba Motakef MD,And so it begins... The #plasticsurgery #residentsbowl ! Good luck and see you guys in the finals.
Saba Motakef MD,"1. Boss wants your product roadmap 
2. Panic 
3. Sign up for Aha! Free Trial
4. Be happy
https://www.aha.io/software/see-all-aha-has-to-offer?utm_campaign=Americas_-_English_-_Paid_Social_-_Twitter_-_Retargeting&utm_content=Retargeting&utm_source=twitter&utm_medium=retargeting_social ‚Ä¶"
Saba Motakef MD,An Unprecedented Look at a Young Woman‚Äôs Face Transplant - https://on.natgeo.com/2vIwwNF 
Saba Motakef MD,Saba Motakef MD Retweeted Mike Ingargiola MD
Saba Motakef MD,"Fascinating article on the emergence of #antibioticresistance in medicinal leeches, which are still used today in reconstructive #surgery #plasticsurgery @MiingargiolaMD @Paymon_Sanati @ashpatelmd"
Saba Motakef MD,Mike Ingargiola MD Retweeted PRS|PRS Global Open
Saba Motakef MD,Mike Ingargiola MD Retweeted ‚Ñçùï¶ùïüùï•ùïñùï£ ùî∏ùïùùïñùï©ùïíùïüùïïùïñùï£
Saba Motakef MD,"Three things I learned for overnight call: 1. Sleep whenever you can! 2. You will get called at two AM for that Colace order. 3. Calories do not count on call, eat up #plasticsurgery #surgery #residency"
Dr. Ozeran,Do you know what type of #results to expect from a #BrowLift #procedure? Read on to see if it‚Äôs right for you: http://bit.ly/1XK8l9h  #beauty
Dr. Ozeran,Should you add liposuction to your tummy tuck?
Dr. Ozeran,I love fall because_____________ #fillintheblank
Dr. Ozeran,#CartoonMonday #sunblock
Dr. Ozeran,#motivationalquotes
Dr. Ozeran,"If you want beautiful results, come to Ozeran Plastic & Reconstructive Surgery. We offer advanced, comprehensive cosmetic and reconstructive procedures to improve your look, feel and confidence. http://bit.ly/25LKKrq "
Dr. Ozeran,Did you know that #MidFaceLifts also exist? Read on to learn more about them and what they do: http://wb.md/1UKvRCT  #CosmeticSurgery
Dr. Ozeran,"Whether it‚Äôs a high five or a pat on the back for a job well done, take notice of a friend who‚Äôs close to reaching his/her goal. Make a positive impact and uplift people around you on #PositiveThinkingDay."
Dr. Ozeran,Did you know Ozeran Plastic & Reconstructive Surgery also offers male breast reduction? Visit our website: http://bit.ly/25LKKrq 
Dr. Ozeran,This year marks the 16th anniversary of the 9/11 terror attacks. Join the rest of America and the world as we honor the victims and the heroes who sacrificed their lives during this fateful day.
Dr. Haitham Masri,"Another instant facial lifting with no surgery needed is a  MINT lift treatment done at the Masri Clinic. Check out our website to learn more: http://www.masriclinic.com 
*
#mintlift #drmasri #masriclinic  #faciallifiting #facelift #nonsurgicalfacelift"
Dr. Haitham Masri,If you notice cheek volume loss and want an effective and safe way to address it ‚Äì try the #JuvedermVoluma dermal filler! Get this treatment from Dr. Masri  himself --  call our office at 866-487-3223 today to schedule your FREE consultation!
Dr. Haitham Masri,"Another natural looking lip transformation with Juvederm   expertly done by Dr. Masri!
 Call 866-487-3223 today to book your free consultation!
 
#juvederm #dermalfiller #drmasri #masriclinic #dearborn #birmingham #lips #liprejuvenation #liptransformation"
Dr. Haitham Masri,A  #MINTLift treatment can be your best  option in restoring and rejuvenating a younger-looking you !  Call 866-487-3223 today and schedule an appointment with Dr. Masri!
Dr. Haitham Masri," Smooth away wrinkles 
 Defy facial aging 
  See amazing  and immediate results with Juvederm dermal filler! #TransformationTuesday
 Call 866-487-3223 now to schedule an appointment with  Dr. Masri!"
Dr. Haitham Masri,"If you're looking for a treatment that lifts and tones sagging skin  with NO  lengthy downtime, then maybe you should consider getting a #MINTLift treatment ! 
 Contact Masri Clinic for Laser & Cosmetic Surgery in Michigan today at 866-487-3223!"
Dr. Haitham Masri,Fix #FacialAging like deep #Wrinkles and saggy cheeks with a #MINTLift treatment. Discover how it helps you achieve that younger-looking you!
Dr. Haitham Masri,Get the best treatment for #CheekVolumeLoss with #JuvedermVoluma! Find out how this #DermalFiller works!
Dr. Haitham Masri,Address common #VaginalHealth issues with #FemTouch #LaserTreatment. Read more to see if you make a good candidate!
Dr. Haitham Masri,The team and Dr. Masri hope you have a wonderful Fourth of July!
ParakhPlasticSurgery,"You asked, We listened....Back by Popular Demand! Come to our ‚ÄúCool Event‚Äù on Saturday October 20th & learn first hand everything you wanted to know about this non invasive method of‚Ä¶ https://www.instagram.com/p/Bn30bcrH8OS/?utm_source=ig_twitter_share&igshid=1g4awycif5pfh ‚Ä¶"
ParakhPlasticSurgery,"Happiest of Birthdays to Dr. Parakh  We appreciate your selflessness, your kindness, your compassion & most importantly you! Everyone at Parakh Plastic Surgery wishes you the best &‚Ä¶ https://www.instagram.com/p/BntA_9GlqV8/?utm_source=ig_twitter_share&igshid=11qlehbj5cpz9 ‚Ä¶"
ParakhPlasticSurgery,Only 3 weeks after tummy tuck and umbilical hernia repair! This lovely 43 yr old patient was tired of having strangers congratulate her for her ‚Äò7 mth pregnant belly‚Äô. She had very‚Ä¶ https://www.instagram.com/p/BnrwxU5njHx/?utm_source=ig_twitter_share&igshid=sk702c0nz875 ‚Ä¶
ParakhPlasticSurgery,"‚ÄúEven the smallest act of service, the simplest act of kindness, is a way to honor those we lost, a way to reclaim that spirit of unity that followed 9/11.‚Äù President Barack Obama ‚Ä¶ https://www.instagram.com/p/BnmmCVanmav/?utm_source=ig_twitter_share&igshid=1l4kj36opui63 ‚Ä¶"
ParakhPlasticSurgery,"At this moment 17 years ago, millions of Americans went to bed quietly, with no thought that the next morning their world would be forever changed. That night hundreds packed their flight‚Ä¶ https://www.instagram.com/p/BnkMj2dnrNk/?utm_source=ig_twitter_share&igshid=jmz8um3h6g0l ‚Ä¶"
ParakhPlasticSurgery,Wishing the entire Jewish community a Happy & Sweet New Year! @ Parakh Plastic Surgery https://www.instagram.com/p/BnjWZVqH5sP/?utm_source=ig_twitter_share&igshid=1ulrjn07bsfr7 ‚Ä¶
ParakhPlasticSurgery,"It‚Äôs the 1st day of the NFL season   Tackle your Fat & make an appointment to defend your waistline! Coolsculpting is the non invasive, permanent fat reduction solution you have been‚Ä¶ https://www.instagram.com/p/BnYxE7DnvMI/?utm_source=ig_twitter_share&igshid=doq1mjgec0ot ‚Ä¶"
ParakhPlasticSurgery,Life changing transformation from a tummy tuck! Doesn‚Äôt this newly created abdomen look very well toned?! She loves her results and enjoyed the bikini season for the first time!!‚Ä¶ https://www.instagram.com/p/BnXeOIXnxzD/?utm_source=ig_twitter_share&igshid=1dmcinaxnixoi ‚Ä¶
ParakhPlasticSurgery,"Happy Labor Day  Summer is coming to a close. The Office is closed today, but we will be reopen tomorrow at 9am. 
#plasticsurgeon #femaleplasticsurgeon #englewoodplasticsurgeon‚Ä¶ https://www.instagram.com/p/BnRUoK7nfoD/?utm_source=ig_twitter_share&igshid=15xjmeg32uc4k ‚Ä¶"
ParakhPlasticSurgery,We had a fantastic day of ‚ÄúCoolEvent‚Äù today! I‚Äôm loving the enthusiasm this non invasive treatment is generating. Our schedule today filled up quickly and we were not able to provide‚Ä¶ https://www.instagram.com/p/Bmwmb_dHVn3/?utm_source=ig_twitter_share&igshid=1wcayfgfrs4xw ‚Ä¶
Yale School of Med,Yale School of Med Retweeted Yale Alumni Magazine
Yale School of Med,"Researchers @YaleMed, @DukeMedSchool, @DeptVetAffairs and @MedicalCollege investigated whether cigarette smoking increased pain intensity among veterans with and without Hepatitis C."
Yale School of Med,Dr. Anne Ciang discussing innovation in #Connecticut and the future of #cancercare at @ACSCANCT forum. ‚Äì at Pond House Cafe
Yale School of Med,"VIDEO: Developed in lab of @yaleseas Prof. Rebecca Kramer-Bottiglio, NASA-inspired robotic skins can turn inanimate objects into robots. Read more: https://bit.ly/2QEiR38 "
Yale School of Med,Dr. David A. Fiellin of @YaleMed talks about medication-assisted treatment as a tool for battling the nationwide #opioid #crisis. What can #Connecticut do to catch up to national levels of tackling this issue? #HeardonWTIC
Yale School of Med,"Talking medication assisted treatment for #opioid #addiction: @YaleMed's Dr. David Fiellin > Ray Dunaway with David A Fiellin, MD 9/18/2018"
Yale School of Med,"On film: How do bacteria regulate our immune system? What is their role in the initiation of colorectal cancer? Jason Crawford explains his lab's ""chemistry at the human-bacteria interface"" http://bit.ly/yale_chemistry  @Yale @YaleMedicine @YaleMed @YaleFaculty"
Yale School of Med,"NYU's offer is jaw-dropping, but it won't achieve its stated aims, IMHO. If we are serious about having more primary care MDs and more students from low-income families, there are better strategies. My Take: https://blogs.wsj.com/experts/2018/09/18/why-free-med-school-tuition-may-not-mean-more-primary-care-doctors/ ‚Ä¶ via @WSJ @Yalemed @yalesph @yalesom @yale"
Yale School of Med,"Yale School of Medicine, Department of Surgery, September 2018. 
I am deeply proud of my mentors, colleagues, and trainees.  Another of many memorable photos taken on the steps of Sterling!  @YaleSurgery @YNHH @YaleMed @YaleMedicine @NitaAhujaMD"
Yale School of Med,"Meet Fred, two-time #cancersurvivor. In both instances, his cancer was discovered early because he stayed on top of his PSA and scheduled regular physicals. Give yourself a chance and make an appointment with your physician. http://bit.ly/2ph2fC6  #PCAM18 #WriteYourOwnStory"
"Anita Patel, M.D.","How it‚Äôs done 
Procedure: nonsurgical nose job (aka liquid rhinoplasty)
Downtime: generally none
Early activity restrictions (for 2-3 days): avoid placing sunglasses or eyeglasses‚Ä¶ https://www.instagram.com/p/Bn60ZzanGSx/?utm_source=ig_twitter_share&igshid=1ka5ssjg1y6sx ‚Ä¶"
"Anita Patel, M.D.","Do you ever have a dream about what you do in real life? 

.
.
(Pic via selfmagazine )
‚†Ä‚†Ä‚†Ä‚†Ä‚†Ä‚†Ä‚†Ä‚†Ä‚†Ä
‚†Ä‚†Ä‚†Ä‚†Ä‚†Ä‚†Ä‚†Ä‚†Ä‚†Ä
‚†Ä‚†Ä‚†Ä‚†Ä‚†Ä‚†Ä‚†Ä‚†Ä‚†Ä
#livingthedream #create #dream #daretodream #unicorn #unique‚Ä¶ https://www.instagram.com/p/Bn6bzkLnvbf/?utm_source=ig_twitter_share&igshid=1hq8fw413eobl ‚Ä¶"
"Anita Patel, M.D.",#behindthescenes Mid-way through a nonsurgical rhinoplasty. I like to show patients how it looks as we go along...and they‚Äôre welcome to give feedback  I think it also lessens the fear‚Ä¶ https://www.instagram.com/p/Bn2ZgthnP9Y/?utm_source=ig_twitter_share&igshid=1vxdd6cci0fp0 ‚Ä¶
"Anita Patel, M.D.","When a followup appointment starts off with a gift  She knew I loved flowers, so she brought me a scarf covered in them 
‚†Ä‚†Ä‚†Ä‚†Ä‚†Ä‚†Ä‚†Ä‚†Ä‚†Ä
‚†Ä‚†Ä‚†Ä‚†Ä‚†Ä‚†Ä‚†Ä‚†Ä‚†Ä
#thankyou #kindness #thoughtful #sweet‚Ä¶ https://www.instagram.com/p/BnuF5zknz1q/?utm_source=ig_twitter_share&igshid=1cd9p46fhg5xk ‚Ä¶"
"Anita Patel, M.D.","Pumpkin season  Glass white and gold like confetti 
‚†Ä‚†Ä‚†Ä‚†Ä‚†Ä‚†Ä‚†Ä‚†Ä‚†Ä
‚†Ä‚†Ä‚†Ä‚†Ä‚†Ä‚†Ä‚†Ä‚†Ä‚†Ä
‚†Ä‚†Ä‚†Ä‚†Ä‚†Ä‚†Ä‚†Ä‚†Ä‚†Ä
‚†Ä‚†Ä‚†Ä‚†Ä‚†Ä‚†Ä‚†Ä‚†Ä‚†Ä
#falldecor #allpumpkineverything #whiteandgold #officedecor #crystal #pumpkins #fall‚Ä¶ https://www.instagram.com/p/Bnl3uS1H4eY/?utm_source=ig_twitter_share&igshid=8vn621auwfqq ‚Ä¶"
"Anita Patel, M.D.","When the goal was to make the area look younger rather than simply fuller... Just a little support to the corners, and subtle plumping of the lips. The lips do age, and often this effect‚Ä¶ https://www.instagram.com/p/BnjW41XH7EC/?utm_source=ig_twitter_share&igshid=v0kxvhub6c3t ‚Ä¶"
"Anita Patel, M.D.","Sneak peak at silicone gel consistency inside breast implants. It's not runny or slimy like many expect (at least not current day implants). The silicone gel is more cohesive, or ""form‚Ä¶ https://www.instagram.com/p/Bnb6bWYnD8J/?utm_source=ig_twitter_share&igshid=cf1lyjjzldly ‚Ä¶"
"Anita Patel, M.D.","Really makes my day 
‚†Ä‚†Ä‚†Ä‚†Ä‚†Ä‚†Ä‚†Ä‚†Ä‚†Ä
‚†Ä‚†Ä‚†Ä‚†Ä‚†Ä‚†Ä‚†Ä‚†Ä‚†Ä
‚†Ä‚†Ä‚†Ä‚†Ä‚†Ä‚†Ä‚†Ä‚†Ä‚†Ä
‚†Ä‚†Ä‚†Ä‚†Ä‚†Ä‚†Ä‚†Ä‚†Ä‚†Ä
#thankyou #kindness #happydoctor #beyourbestself #plasticsurgery #cosmeticsurgery #beauty #facelift #necklift‚Ä¶ https://www.instagram.com/p/BnWhYQTHu1i/?utm_source=ig_twitter_share&igshid=18dj7jmrsqlb ‚Ä¶"
"Anita Patel, M.D.","Avocado toast hasn‚Äôt gotten old yet 
‚†Ä‚†Ä‚†Ä‚†Ä‚†Ä‚†Ä‚†Ä‚†Ä‚†Ä
‚†Ä‚†Ä‚†Ä‚†Ä‚†Ä‚†Ä‚†Ä‚†Ä‚†Ä
‚†Ä‚†Ä‚†Ä‚†Ä‚†Ä‚†Ä‚†Ä‚†Ä‚†Ä
‚†Ä‚†Ä‚†Ä‚†Ä‚†Ä‚†Ä‚†Ä‚†Ä‚†Ä
#brunching #avocadotoast #brunch #laborday #holiday @ West Hollywood, California https://www.instagram.com/p/BnR47C3nqgw/?utm_source=ig_twitter_share&igshid=pmhhiosb6gww ‚Ä¶"
"Anita Patel, M.D.","Immediate post filler results for nonsurgical rhinoplasty, aka liquid nose job. Filler was used to camouflage the bump, and lift and define the tip. No surgery. No downtime. Results‚Ä¶ https://www.instagram.com/p/BnJ3VFjHzse/?utm_source=ig_twitter_share&igshid=9xpnev5g0bdd ‚Ä¶"
JohnsHopkinsMedicine,Johns Hopkins All Children's Hospital Retweeted Fox News
JohnsHopkinsMedicine,"Grad student Yazmin Rovira Gonzalez recaps her experience attending a conference on the technical and scientific advances related to manufacturing, quality and regulatory considerations of gene therapy products. http://bit.ly/2xq0ya5 "
JohnsHopkinsMedicine,Assistant professor of #psychiatry studies chemical modifications of DNA to predict mental illnesses: http://bit.ly/2xqJhxj 
JohnsHopkinsMedicine,Suffering from gas? Here are 7 foods to avoid: http://bit.ly/2PQh5uF 
JohnsHopkinsMedicine,"‚ÄúI tell everybody when we first meet that everything that you wanted to do the day before you were diagnosed with testicular cancer we want you to do after,‚Äù said Phil Pierorazio, director of the Division of Testis Cancer at Johns Hopkins. http://bit.ly/2PPJCjQ "
JohnsHopkinsMedicine,#Genomics & #proteomics: Better together. See how mapping human proteins has given us new info about the genome. http://bit.ly/2PREzzI 
JohnsHopkinsMedicine,Got milk? #Breastfeeding can be tough under the best circumstances. Learn how #breastaugmentation and #breastreduction impact production.  http://bit.ly/2PK3mpc 
JohnsHopkinsMedicine,Artificial intelligence? See how a lab-built white blood cell may help us fight immune system diseases like #AIDS & #cancer.
JohnsHopkinsMedicine,"This cell bundle mimics the moment in heart development when a vital division between primary (green) and secondary heart field cells (red) forms - this allows researchers to pinpoint when heart defects arise.

Want more science images? Follow us on Instagram! @JHM.Fundamentals"
JohnsHopkinsMedicine,"Johns Hopkins gynecologic oncologist and surgeon, Rebecca Stone, explains gynecologic cancer risks, the best forms of prevention for you and your loved ones, and possible signs and symptoms. http://bit.ly/2PR6T5d "
Atlantic Center,Atlantic Center Surgery Providers. Book your next appointment at any one of our locations.
Atlantic Center, #happypatient #happyparent #cosmeticsurgery #microtia #facebookcomments https://www.instagram.com/p/Bml_zldn4Nx/?utm_source=ig_twitter_share&igshid=1l7hkewztg9df ‚Ä¶
Atlantic Center,#plasticsurgery #facialaesthetics  #injectables @ Atlantic Center of Aesthetic & Reconstructive Surgery https://www.instagram.com/p/BmeDAeininZ/?utm_source=ig_twitter_share&igshid=1l6rqaiihj0yc ‚Ä¶
Atlantic Center,Check out expert advise in the Las Olas Lifestyle Magazine from Dr. Nathan Eberle-Q&A on excess upper eyelid skin #plastic surgery #blepharoplasty #drnathaneberle #facialaesthetics @‚Ä¶ https://www.instagram.com/p/BmMHNZ5H2x8/?utm_source=ig_twitter_share&igshid=9zwybjp3r6r6 ‚Ä¶
Atlantic Center,"Look good, feel fabulous! Book your next consult with Dr. Eberle #breastaugmentation #facelift #injectables #botox #restylane #mommymakeover @ Atlantic Center of Aesthetic &‚Ä¶ https://www.instagram.com/p/Bl_WWGdnH84/?utm_source=ig_twitter_share&igshid=1es9wdr8mbdzx ‚Ä¶"
Atlantic Center,Another happy patient of Dr. Eric Stelnicki‚Äôs!  #plasticsurgery #drstelnicki @ Atlantic Center of Aesthetic & Reconstructive Surgery https://www.instagram.com/p/Blqe7BtHwe3/?utm_source=ig_twitter_share&igshid=zj5gjm3943kn ‚Ä¶
Atlantic Center,Meet and greet the new providers of the Virgin Islands this Friday June 27th at 7pm #virginislands #plasticsurgery #medicalspecialist #brixwinebar @ Brix Wine Bar & Bistro https://www.instagram.com/p/BllEa6CHNZl/?utm_source=ig_twitter_share&igshid=eor0tl540m53 ‚Ä¶
Atlantic Center,"Atlantic Center Surgery is please to announceDr. Nathan Eberle as a part of our team! 

Please visit our website ‚Äúlink in bio‚Äù to learn more about Dr. Eberle and to book your cosmetic‚Ä¶ https://www.instagram.com/p/BlWO9-Dn39v/?utm_source=ig_twitter_share&igshid=60xepqpl4t1n ‚Ä¶"
Atlantic Center,"Check out Expert Advise from Dr. Eric Stelnicki in the July issue of Lifestyle Magazine! 
#drstelnicki #plasticsurgery #prominentear #prominentearsurgery https://www.instagram.com/p/Bk3C06gnjhf/?utm_source=ig_twitter_share&igshid=jj0hh1pwvjt1 ‚Ä¶"
Atlantic Center,Just posted a photo https://www.instagram.com/p/Bkz08JpHOK2/?utm_source=ig_twitter_share&igshid=10jxswddyjzj7 ‚Ä¶
VEW PR Media,"https://lnkd.in/dqCk3eG  amazing client placement for our client Airfree...Nice job, VEW Media VP, Michelle Thompson"
VEW PR Media,"Have you ever wondered what some of the first things your dermatologist notices about your skin? Dr. Michael Swann shares for @TotalBeauty:

http://www.totalbeauty.com/content/slideshows/what-derms-notice-about-your-skin-180820/page4 ‚Ä¶ 

Thank you, @LindsayTigar for including @MikeSwannMD"
VEW PR Media,Skin care needs are different for everyone - should we keep it simple? Find the answer and more on the importance of skin care steps @TotalBeauty.  Thank you to @LindsayTigar for including @DrJanPrystowsky.
VEW PR Media,"Dr. Vartan Mardirossian, FL TOP Facial Feminization Surgeon offered his expert opinion regarding the announcement @Starbucks made regarding their Healthcare Plan for its transgender employees: http://www.qweerist.com/identities/starbucks-covering-trans-healthcare-procedures-helps-improve-quality-of-life/ ‚Ä¶ @PBsurgeons"
VEW PR Media,VEW PR Media Retweeted Dr. Janet Prystowsky
VEW PR Media,"Dr. Janet Prystowsky, NYC's PERMIER Dermatologist spoke with @Dermstore on ""How to Prepare Your Skin for the First Big Sunny Weekend of the YEAR!""  Thank you, Lindsay Tigar for including @DrJanPrystowsky @LindsayTigar"
VEW PR Media,"Dr. Michael Swann, MO LEADING Dermatologist spoke with @shefinds sharing his TOP anti-aging SPF product that YOU SHOULD USE! 
https://www.shefinds.com/collections/anti-aging-spf-product-to-use-according-to-dermatologists/#slide-4 ‚Ä¶
 Thank you, @jessieleigh_h for including @MikeSwannMD"
VEW PR Media,VEW PR Media Retweeted Dr. Derek Ochiai
VEW PR Media,VEW PR Media Retweeted Dr. Janet Prystowsky
VEW PR Media,"Our leading Social Security expert, Bill Meyer, of Social Security Solutions Inc. spoke to @IBDinvestors on ""Best Retirement Plans - How to Build up Savings that Lasts as Long as You Do."""
BAAPSOffice,"2 more weeks for the final council and AGM...if you‚Äôre thinking about BAAPS membership this is your chance!
#promotingexcellence        https://baaps.org.uk/about/membership_application ‚Ä¶"
BAAPSOffice,"BAAPS is very excited to be welcoming such an amazing faculty to the #BAAPS2018 conference in just two weeks! Don‚Äôt forget to register as we are nearly at capacity
https://baaps.org.uk/asm/meeting_programme.aspx ‚Ä¶"
BAAPSOffice,Don‚Äôt forget to register to attend #BAAPS2018 for a very exciting programme blending surgical and non-surgical  https://baaps.org.uk/conferences/2/annual_scientific_meeting_2018 ‚Ä¶
BAAPSOffice,All that we've mastered is all here. The all-new #LexusES
BAAPSOffice,BAAPS cadaveric course taking place on 15 October in Newcastle with outstanding faculty and programme- register here https://baaps.org.uk/conferences/4/default.aspx ‚Ä¶
BAAPSOffice,"There are still spaces available at the @baaps_office educational day for trainees in October 

#signup #trainup 

Learn all things face and neck with a stellar faculty"
BAAPSOffice,@amateuradam looking forward to meeting you on the 4th October at Syon House!
BAAPSOffice,"Reading the very funny ‚ÄúThis is going to Hurt‚Äù by Adam Kay who will be our guest speaker at the BAAPS Annual Dinner - buy your tickets now to hear his hysterical, very relatable stories!
https://baaps.org.uk/asm/annual_dinner.aspx ‚Ä¶"
BAAPSOffice,See Dr Osvaldo Saldanha welcome you to the BAAPS Annual International Conference 2018 #BAAPS2018 @BAAPSMedia https://www.youtube.com/edit?ar=1&o=U&video_id=QFuxhcuBMGU ‚Ä¶
BAAPSOffice,Lights..camera....not ready for action yet! Setting up for aesthetic educational videos for @baaps_office @ProximieAR today at @NuffieldHealth ! #aestheticsurgery #aestheticeducation‚Ä¶ https://www.instagram.com/p/BlXlcecnWFi/?utm_source=ig_twitter_share&igshid=ay6wv7wn4vsb ‚Ä¶
Cleveland Clinic,Adolescents are going through major changes & can develop negative feelings about their body!
Cleveland Clinic,Don‚Äôt let these 10 common mistakes sabotage your success.
Cleveland Clinic,"Could stress be behind your bloating, pain & constipation?"
Cleveland Clinic,Surprising health benefits of sage:
Cleveland Clinic,Why you should adopt these super simple habits:
Cleveland Clinic,The many benefits of weight loss:
Cleveland Clinic,5 ways to limit your nighttime bathroom breaks:
Cleveland Clinic,"A few important things to consider before getting a tattoo or piercing ""down there."" #MENtionIt"
Cleveland Clinic,"What we know about cigarettes, cigars & vaping:"
Cleveland Clinic,"What the ""little blue pill"" will (and will not) do for you: #MENtionIt"
WebMD,The problem with dirty counters isn't as much about what you can see as what you can't. How to keep stray germs away: https://wb.md/2MoSg7L 
WebMD,"More than 132,000 pounds of ground beef are being recalled due to E. coli contamination. One person has died and 17 others have become sick after eating the beef, according to the USDA. https://wb.md/2Del2I4 "
WebMD,"As many as 1 in 20 people have a BFRB, but they can be dismissed as ‚Äúbad habits.‚Äù They do share some symptoms with OCD, but they‚Äôre not the same. How to tell the difference: https://wb.md/2DeOuh8 "
WebMD,"From chicken soup to neti pots, there are all sorts of ways to help clear a stuffy nose. Learn more: https://wb.md/2D7YgSb "
WebMD,There are 4 types of rosacea. What you need to know about each one: https://wb.md/2D9BB82 
WebMD,Is your eye care routine doing more harm than good? Here's how to tell: https://wb.md/2Nm6rim 
WebMD,Research shows that getting plenty of protein at breakfast helps you feel full longer -- helping you eat less throughout the day. https://wb.md/2Njlqd0 
WebMD,"High blood pressure can quietly damage your heart, lungs, blood vessels, brain, and kidneys if it isn't treated. https://wb.md/2DjLwrV "
WebMD,"Most adult skin problems are minor, but others can signal something more serious. What to know: https://wb.md/2D75Kol "
WebMD,Can't shake that cold? Six possible reasons it won't go away: https://wb.md/2D5EsPa 
Harvard Health,4 ways to help your child get enough sleep: http://bit.ly/2wfqSCm  by @drClaire  #HarvardHealth #parenting #sleep
Harvard Health,"If you think you're depressed (and have symptoms such as apathy, hopelessness, changes in sleep or eating habits, and persistent fatigue), ask your doctor if any of the medicines you are taking may be responsible: http://bit.ly/2LbjWLM  #HarvardHealth #medicine #depression"
Harvard Health,A recent study in @JAMAPsych finds that resistance training such as weight lifting and bodyweight exercises have been linked with reducing symptoms of depression: http://bit.ly/2MFqGq0  #HarvardHealth #exercise #depression #Weightlifting
Harvard Health,Writing provides a rewarding means of exploring and expressing feelings. It can also lead to better health. #HarvardHealth http://bit.ly/2NXoZ82 
Harvard Health,Stress management may reduce health problems linked to stress: http://bit.ly/2Lce6dr  #HarvardHealth #stressmanagement
Harvard Health,"Leaky gut: What is it, and what does it mean for you? http://bit.ly/2L9zccj  #HarvardHealth #healthygut"
Harvard Health,"A new Harvard study by @JournalGIM found that people who had ""virtual"" office visits over the Internet were able to control their blood pressure just as well as people who had in-person follow-up office visits: http://bit.ly/2MFnniP  #HarvardHealth #BloodPressure"
Harvard Health,Food and mood: Is there a connection between diet and depression? http://bit.ly/2MBc8Yx  #HarvardHealth #depression #diets
Harvard Health,Here's the deal: Breakfast does NOT have to happen first thing in the morning. #HarvardHealth #Nutrition http://bit.ly/2QFm7ew 
Harvard Health,3 simple ways to get more restful sleep: http://bit.ly/2Mn5Z2R  #HarvardHealth #sleep
Mayo Clinic,"September is Gynecologic Cancer Awareness Month: Endometrial cancer risk factors, screening, treatment"
Mayo Clinic,#MayoClinicMinute: Carolina residents face a long recovery effort after #HurricaneFlorence moved through these coastal states. Now there are also concerns for what cannot be seen: risks of #BacterialInfection. https://mayocl.in/2ppXNAU 
Mayo Clinic,"Join us Thursday, September 27 at 11 a.m. CT for a video Q&A with @DrAngelaMattke, pediatrician, Taylor Brown, speech-language pathologist, and Becky Baas, speech-language pathologists, about speech and speech problems in children. https://mayocl.in/2p316y0 "
Mayo Clinic,Mayo Clinic researchers find that premenopausal women who have ovaries surgically removed have higher risk of getting #ChronicKidneyDisease. https://mayocl.in/2MGZC5X 
Mayo Clinic,"Dr. James Kirkland talked about the latest research on senolytic drugs, which improved health and extended life in elderly mice. Clinical trials in humans now underway. @SquawkCNBC @BeckyQuick @JoeSquawk"
Mayo Clinic,"#MayoClinicMinute: In a recent report, the @AmerAcadPeds stresses the importance of letting children play. They say unstructured play allows for proper development and relieves toxic stress. @DrAngelaMattke says it's important for good health. https://mayocl.in/2xmnAha "
Mayo Clinic,"True innovation in medicine occurs when we consider the patient‚Äôs welfare. Explore the origin of one institution in #MayoClinicPBS, Tues, Sept 25 at 9/8c."
Mayo Clinic,Hormone therapy for #ProstateCancer is treatment to stop the male hormone testosterone from reaching prostate cancer cells in your body. It is also known as #AndrogenDeprivationTherapy. Learn more: https://mayocl.in/2oYOlEz  #pcsm #ProstateCancerAwarenessMonth
Mayo Clinic,"Whole grains have more fiber and nutrients than their refined counterparts. Try these sneaky ways to get more whole grains.

For more healthy #recipes, download the Mayo Clinic app. http://mayocl.in/2pjQr4h "
Mayo Clinic,Looking for more out of your air-squat? Adding weight on just one side can boost the core challenge. 
Fulvio Urso-Baiarda,"Busy morning already reviewing postop patients before clinic, and my clinic nurse guessed I‚Äôd missed breakfast... so I was presented with this :-) You guys ROCK!! #TeamworkMakesTheDreamWork"
Fulvio Urso-Baiarda,"RT @ElysiumFields10

And this must be yours ‚Å¶@eternoclinic‚Å© ... Sip and savour #Coffee  http://buff.ly/2OjiGIq 

‚Äî Ghazala Butt (@ElysiumFields10) August 7, 2018"
Fulvio Urso-Baiarda,"RT @IMTravelLawyer

Fancy! 

‚Äî Cheryl Palmer-Hughes (@IMTravelLawyer) July 24, 2018"
Fulvio Urso-Baiarda,"RT @whiphaven

No, we have the loveliest surgeon 

‚Äî June Jonigk (@whiphaven) July 24, 2018"
Fulvio Urso-Baiarda,"RT @whiphaven

Very smart! But then you are a very smart surgeon :-)

‚Äî June Jonigk (@whiphaven) July 24, 2018"
Fulvio Urso-Baiarda,"RT @ElysiumFields10

#Impressive #Calligraphy You obviously have a commanding performance in #Theatres too 

‚Äî Ghazala Butt (@ElysiumFields10) July 23, 2018"
Fulvio Urso-Baiarda,"RT @ElysiumFields10

You definitely need to request Fulvio @eternoclinic to put in a #Cameo appearance as #JamesBond then #WinterBall

‚Äî Ghazala Butt (@ElysiumFields10) July 23, 2018"
Fulvio Urso-Baiarda,"RT @ElysiumFields10

#Crystal Ball and #Omnipresent Ha ha Fulvio .. Have an awesome day! http://buff.ly/2LGWAz1 

‚Äî Ghazala Butt (@ElysiumFields10) July 23, 2018"
Fulvio Urso-Baiarda,"RT @ElysiumFields10

Ha ha may be not .. but I hear he can rock it at a #CharityBall.. Good to let your hair down after a hectic day job! #Chance to #Unwind

‚Äî Ghazala Butt (@ElysiumFields10) July 22, 2018"
Fulvio Urso-Baiarda,"RT @drchrysopoulo

That‚Äôs not how Fulvio dances! 

‚Äî Dr Minas Chrysopoulo (@drchrysopoulo) July 22, 2018"
AMA,"If implemented, @HHSGov's Title X proposed rule would undermine patients‚Äô access to high-quality medical care/info, interfere with the patient-physician bond, conflict with MDs‚Äô ethical obligations & exclude qualified providers--jeopardizing #publichealth. http://spr.ly/6011Ds2yJ "
AMA,"""One in seven Americans currently are 65 years and above. In another 15-20 years it will be one in five Americans."" On Moving Medicine, Dr. Paul H. Wick discusses health issues & disparities unique to #elderly populations. Listen now: http://spr.ly/6015DFif3 "
AMA,"By studying experiences of patients with rare diseases, researchers, clinicians, and policymakers can anticipate similar challenges in precision medicine and hopefully mitigate potential harms or injustices. http://spr.ly/6015D0Kt5 "
AMA,The AMA has long given voice to physician concerns about #EHRs-- including emphasizing the importance of user input in product design and post-implementation feedback.
AMA,"""With increased responsibility in #residency comes an increase in pressure. One necessary outlet for that pressure is a network of peers who can offer support."""
AMA,A strong team culture can be the key to preventing physician burnout and improving patient outcomes.
AMA,What are letters of intent? And when should you retain an attorney during the contracting process? Wes Cleveland shares his thoughts in our latest episode of Making the Rounds. http://spr.ly/6015DF5T5 
AMA,"In 1990, Antonia Novello, MD, became Surgeon General of the United States. Dr. Novello is the first woman and first Latinx person to be appointed to this post. #WIMMonth"
AMA,Physicians: Click here for a handy checklist for medical professionals responding to emergency medical care needs in the wake of #HurricaneFlorence. http://spr.ly/6019DFV55 
AMA,"Poetry and Medicine: Spring Downsizing‚ÄîRonald Pies, MD

Our last April here,
‚ÄÉ‚ÄÉwe inventory
what we‚Äôll keep,
‚ÄÉ‚ÄÉwhat must go.

We throw away
‚ÄÉ‚ÄÉthe chemo
you took last winter,
‚ÄÉ‚ÄÉknowing
what could come back.
https://ja.ma/2QF0qvs 
#medhumanities"
Steven Pisano,"Gia Pisano wins 2 mile Varsity Girls CC meet in Hondo, TX. Strong work in her Antonian CP HS debut run! #grit #high school cross country. Sp"
Steven Pisano,"Jeffrey Janis, MD gives opening remarks #ASPSsummit in DC. #reconstructivesurgery #PRMA"
Steven Pisano,Proud of Alamo Heights @ah_hoopsMatthew Pisano! Texas Region IV Champions!
Steven Pisano,Steven Pisano Retweeted Adam Zuvanich
Steven Pisano,Steven Pisano Retweeted Heights Hoops
Steven Pisano,Steven Pisano Retweeted Heights Hoops
Steven Pisano,Steven Pisano Retweeted Heights Hoops
Steven Pisano,Steven Pisano Retweeted Heights Hoops
Steven Pisano,Steven Pisano Retweeted AHHS College Center
Steven Pisano,Steven Pisano Retweeted Heights Hoops
Dr. Chet Nastala,@ChetNastala explains #FatGrafting and how it is used in #BreastReconstruction
Dr. Chet Nastala,Intelligent use of smartphone apps now showing up in #microsurgery #DIEPflap #breastreconstruction @diepflapbreast
Dr. Chet Nastala,Dr. Chet Nastala Retweeted Steven Pisano
Dr. Chet Nastala,So honored to speak at the annual ThriveWell Foundation luncheon.‚Ä¶ https://www.instagram.com/p/BSUNVRBAcHysRHD1LSJkUUF9-6XV8LF1o-uRtw0/ ‚Ä¶
Dr. Chet Nastala,Dr. Chet Nastala Retweeted Robin McGee
Dr. Chet Nastala,Fanny Jane O'Connor Retweeted Diana Shiba
Dr. Chet Nastala,"Dr. Chet Nastala Retweeted M. Whitten Wise, MD"
Dr. Chet Nastala,Dr. Chet Nastala Retweeted The Harvard Crimson
Dr. Chet Nastala,VBSB Paul Gage with the 1st pitch to open district play for baseball. #GoBaronsGo
Dr. Chet Nastala,Fascinating read! - surgeon William Halstead #father of #breastsurgery #education #JohnsHopkins we've come a long way! @DiepFlapBreast #PRMA
Raja Mohan,Do you do the TAP and paravertebral blocks yourselves or have anesthesiologists do it? #PRSJournalClub @prsjournal @JosephDayanMD @disaj3
Raja Mohan,"In pediatric patients, what is the youngest age at which you would consider a free flap? @amomenimd @ScottLevin10 @sjktrey #PRSJournalClub"
Summer Hanson,Join @MDAndersonNews  #PlasticSurgery faculty this weekend to learn about #BreastReconstruction #BRAday #endcancer http://bit.ly/2y7v3z2 
Summer Hanson,Summer Hanson Retweeted Valerae Lewis
Summer Hanson,"Sadly, as a trauma surgeon, I knew it was always a matter of ""when"" not ""if"". Proud of my @WisconsinTrauma @WiscSurgery @uwhealth team today."
Summer Hanson,Summer Hanson Retweeted Genevieve Boland
Summer Hanson,"When the light hits the chrome just right, you'll know. This is no ordinary luxury car."
Summer Hanson,MD Anderson Cancer Center Retweeted Bryan A Rivera
Summer Hanson,Summer Hanson Retweeted MD Anderson Cancer Center
Summer Hanson,"Good advice for those of us who are asked to write many letters of reference.  I avoid most of these traps, but it‚Äôs always good to be reminded.   https://csw.arizona.edu/sites/default/files/avoiding_gender_bias_in_letter_of_reference_writing.pdf ‚Ä¶"
Summer Hanson,"Last Saturday afternoon, our @WiscPlasticSurg microsurgery course. This Saturday, 80,000+ Badgers ‚ÄúJumping Around‚Äù. Gotta love being on a Big Ten campus!"
Summer Hanson,This is Morty. He was deployed in Puerto Rico after Hurricane Maria and jumped 30 feet out of a helicopter when he caught the scent of someone in need. He‚Äôs now in NC for Hurricane Florence.
Stefan Hofer,"#SarcomaAwarenessMonth is coming to an end, but we still need your help in finding a cure for this rare cancer. See how medical oncologists, like Dr. Abha Gupta, are making a difference for sarcoma patients across Canada. 
#ConquerCancer #CureSarcoma"
Stefan Hofer,DIEP Breast Reconstruction uses your own abdominal tissue to construct a new breast mound. Find out what to expect from your surgery @UHN : https://bit.ly/2OfXDaL  @sophofer @DrToniZhong
Stefan Hofer,Patients with Abdominal-based #FreeFlap #BreastReconstruction a Decade after Surgery - A Comprehensive Long-term Follow-up Study https://www.jprasurg.com/action/showFullTextImages?pii=S1748-6815%2818%2930225-0#.W0I9nvHYras.twitter ‚Ä¶ #DIEPflap #BREASTQ via @JPRASurg
Stefan Hofer,Human Acellular Dermis #ADM Increases Surgical Site Infection and Overall Complication Profile When Compared with Submuscular #BreastReconstruction: An Updated Meta-Analysis Incorporating New Products https://www.jprasurg.com/article/S1748-6815(18)30228-6/fulltext#.W0I-ZX6mtg0.twitter ‚Ä¶ via @JPRASurg
Stefan Hofer,Inflammatory #BreastCancer accounts for 1-5% of all breast cancers diagnosed in the US. #bcsm @TalkIBC
Stefan Hofer,"Half of women who survive #breastcancer are not told that their disease could come back or what to do if it does, a survey has found. #bcsm"
Stefan Hofer,PMKWorks Retweeted Breast Advocate
Stefan Hofer,This title can falsely scare women who stand to benefit long term from #BreastReconstruction. Most complications are minor. Tissue reconstruction failure 1-2% @ high volume centers such as @MDAndersonNews. Talk to your doctors about this complex decision.
Stefan Hofer,"""#BreastReconstruction should not be considered a vanity procedure. For many, it's an important part of recovery."" 
#BreastCancer #bcsm"
Stefan Hofer,How Many People Survive 5 Years Or More after Being Diagnosed with Female #BreastCancer?  Based on data from SEER 18 2008-2014.
Dallas Rhinoplasty,"Dallas Rhinoplasty Retweeted Rod Rohrich, M.D."
Dallas Rhinoplasty,American Society of Plastic Surgeons (ASPS) Retweeted Good Morning America
Dallas Rhinoplasty,Hear a #patientsafety message about silicone #breastimplants from @ASAPS with women plastic surgeons who themselves have breast implants https://youtu.be/CXB72deTJYk  @YouTube #plasticsurgery
Dallas Rhinoplasty,"Have you performed flexor tendon repair with wide awake local anesthesia, no tourniquet? @WalantSurgery  View this video by @DrDonLalonde to see the benefit of intra-operative patient education
https://journals.lww.com/prsgo/pages/videogallery.aspx?videoId=55 ‚Ä¶

@prsjournal #PlasticSurgery #WALANT"
Dallas Rhinoplasty,"Do you use your smartphone for clinical photography? See these guidelines for how to maintain #DigitalProfessionalism in #PlasticSurgery using an application that maintains patient privacy @ShareSmartApp @prsjournal 
https://prsresidentchronicles.wordpress.com/2018/04/13/digitalprofessionalism-in-plasticsurgery/ ‚Ä¶"
Dallas Rhinoplasty,Registration is Now Open for the 36th Annual Dallas Rhinoplasty Meeting -  http://markets.businessinsider.com/news/1027531594  #rhinoplasty #plasticsurgery
Dallas Rhinoplasty,Top Influencers of #PlasticSurgery  @BeFilter @ASPS_News @DrRodRohrich @drheatherfurnas https://www.symplur.com/healthcare-hashtags/plasticsurgery/ ‚Ä¶ via @symplur
Dallas Rhinoplasty,"Rod Rohrich, M.D. Retweeted Rod Rohrich, M.D."
Dallas Rhinoplasty,"Rod Rohrich, M.D. Retweeted Rod Rohrich, M.D."
Dallas Rhinoplasty,"Rod Rohrich, M.D. Retweeted Rod Rohrich, M.D."
apfsrm 2018,"Nagehan Al√ßƒ±: ‚ÄúSayƒ±n Erdoƒüan diplomasƒ± olup, olmadƒ±ƒüƒ±nƒ± ispat etmek zorunda deƒüil, %50 ile se√ßilmi≈ü‚Äù 

Biri de √ßƒ±kƒ±p derse ""Ben de √ßok iyi ameliyat yaparƒ±m, diplomaya gerek yok!""

Nagehan Al√ßƒ±: Nasƒ± yani?

√ñyle yani...

#Muharremƒ∞nceHaberT√ºrkDe"
apfsrm 2018,"@APFSRM2018‚Äôde @selcuk_plastik kliniƒüinden Dr @cml_im en iyi anastomoz √∂d√ºl√ºn√º Prof JT Kim‚Äôden aldƒ± kutluyoruz.  @selcuk_plastik surg resident Dr @cml_im was awarded as the best anasthomosis, Prof JT Kim present his valuable book as an award."
apfsrm 2018,Uluslararasƒ± bu kongreyi √ºlkemize kazandƒ±ran ve m√ºkemmel bir ≈üekilde‚Ä¶ https://www.instagram.com/p/BioqoOAAND2/?utm_source=ig_twitter_share ‚Ä¶
apfsrm 2018,Ana destekleyicisi olduƒüumuz Asya Pasifik Mikrocerrahi Kongresi (@APFSRM2018) bug√ºn Antalya'da ba≈üladƒ±.
apfsrm 2018,√áok verimli ge√ßen @APFSRM2018 ‚Äòde Kazakistanlƒ± meslekta≈üƒ±mƒ±z ve soyda≈üƒ±mƒ±z Dr Musa Mataev ile oturum y√∂neticiliƒüi yaptƒ±k.
apfsrm 2018,"D√ºnyanƒ±n en iyi mikrocerrahlarƒ±nƒ±n davetli olduƒüu toplantƒ±dan merhaba 
#apfsrm2018
#microsurgery"
apfsrm 2018,Only 3 Days Left for the Congress! #registernow #only3days #apfsrmcongress2018 #microsurgery #plasticsurgery #orthopedicsurgery
apfsrm 2018,"EBRU ART by GARƒ∞P AY
 
Ebru is marbled paper made by floating paints.
One of the oldest Turkish arts.
It can be described as dance of colours on water.
Do not miss this unique performance on May 11, 2018!"
apfsrm 2018,Have a Look at some of our Confirmed Speakers from South Korea! #confirmedspeakers #scientificprogram #microsurgery #plasticsurgery #orthopedicsurgery
apfsrm 2018,The Confirmed Speaker of APFSRM 2018 Congress Dr. Yixin Zhang (China) #apfsrm2018 #congress #confirmedspeaker #scientificprogram
"Steven Williams, MD",The emotional journey of photographing a face #transplant @NationalGeoESP https://www.google.com/amp/s/relay.nationalgeographic.com/proxy/distribution/public/amp/culture-exploration/2018/08/face-transplant-surgery-photography-maggie-steber-lynn-johnson ‚Ä¶ #plasticsurgery #microsurgery
"Steven Williams, MD",Snapchat surgery: doctors report rise in patient requests to look 'filtered'
"Steven Williams, MD",Plastic Surgeons Are Really Worried About 'Snapchat Dysmorphia'
"Steven Williams, MD",Thinking about plastic surgery? Here is what you need to ask yourself before you go
"Steven Williams, MD",@surgeoninblack in list 'Plastic Surgeons on Twitter' https://list.ly/i/2855451  via @listly
"Steven Williams, MD",Delighted to be invited to speak with #socialmedia stars @drkarenhorton @surgeoninblack @laradevganmd at @plasticsurgeryasps #PSTM18 American Society of Plastic Surgeons Annual Meeting in Chicago in September! #plasticsurgery
"Steven Williams, MD",What is included in a mommy makeover?
"Steven Williams, MD","The administration‚Äôs current family separation policy is an affront to the decency of the American people, and contrary to principles and values upon which our nation was founded. The administration has the power to rescind this policy. It should do so now."
"Steven Williams, MD","Mark Clemens MD Retweeted Mediget Teshome, MD"
"Steven Williams, MD",Cardi B's horrifying story serves as a reminder of the dangers of illegal buttock injections
